Tumor_Sample_Barcode,Hugo_Symbol,Variant_Classification
MO_000,PTEN,Missense_Mutation
MO_001,PTEN,Missense_Mutation
MO_003,KRAS,Missense_Mutation
MO_004,TP53,Missense_Mutation
MO_004,PIK3CA,Missense_Mutation
MO_005,TP53,Missense_Mutation
MO_005,PIK3CA,Missense_Mutation
MO_006,TP53,Missense_Mutation
MO_006,EGFR,Missense_Mutation
MO_006,PTEN,Missense_Mutation
MO_009,TP53,Missense_Mutation
MO_010,TP53,Missense_Mutation
MO_011,TP53,Missense_Mutation
MO_012,BRAF,Missense_Mutation
MO_012,PTEN,Missense_Mutation
MO_013,KRAS,Missense_Mutation
MO_013,BRAF,Missense_Mutation
MO_014,TP53,Missense_Mutation
MO_014,EGFR,Missense_Mutation
MO_015,TP53,Missense_Mutation
MO_016,BRAF,Missense_Mutation
MO_017,EGFR,Missense_Mutation
MO_017,BRAF,Missense_Mutation
MO_018,TP53,Missense_Mutation
MO_018,KRAS,Missense_Mutation
MO_018,EGFR,Missense_Mutation
MO_020,BRAF,Missense_Mutation
MO_021,TP53,Missense_Mutation
MO_021,KRAS,Missense_Mutation
MO_024,TP53,Missense_Mutation
MO_026,KRAS,Missense_Mutation
MO_026,PIK3CA,Missense_Mutation
MO_027,EGFR,Missense_Mutation
MO_029,PIK3CA,Missense_Mutation
MO_030,KRAS,Missense_Mutation
MO_031,TP53,Missense_Mutation
MO_031,KRAS,Missense_Mutation
MO_031,PIK3CA,Missense_Mutation
MO_032,PIK3CA,Missense_Mutation
MO_033,TP53,Missense_Mutation
MO_034,TP53,Missense_Mutation
MO_034,BRAF,Missense_Mutation
MO_037,TP53,Missense_Mutation
MO_038,TP53,Missense_Mutation
MO_042,TP53,Missense_Mutation
MO_042,PTEN,Missense_Mutation
MO_043,BRAF,Missense_Mutation
MO_044,TP53,Missense_Mutation
MO_044,EGFR,Missense_Mutation
MO_045,PIK3CA,Missense_Mutation
MO_046,PTEN,Missense_Mutation
MO_047,TP53,Missense_Mutation
MO_047,KRAS,Missense_Mutation
MO_048,KRAS,Missense_Mutation
MO_049,TP53,Missense_Mutation
MO_049,PIK3CA,Missense_Mutation
MO_050,TP53,Missense_Mutation
MO_050,KRAS,Missense_Mutation
MO_051,PTEN,Missense_Mutation
MO_052,PIK3CA,Missense_Mutation
MO_053,BRAF,Missense_Mutation
MO_054,TP53,Missense_Mutation
MO_055,TP53,Missense_Mutation
MO_057,TP53,Missense_Mutation
MO_057,PIK3CA,Missense_Mutation
MO_058,TP53,Missense_Mutation
MO_058,KRAS,Missense_Mutation
MO_058,EGFR,Missense_Mutation
MO_061,TP53,Missense_Mutation
MO_061,KRAS,Missense_Mutation
MO_063,PIK3CA,Missense_Mutation
MO_064,TP53,Missense_Mutation
MO_064,KRAS,Missense_Mutation
MO_064,PIK3CA,Missense_Mutation
MO_064,PTEN,Missense_Mutation
MO_065,KRAS,Missense_Mutation
MO_065,PIK3CA,Missense_Mutation
MO_065,BRAF,Missense_Mutation
MO_066,PIK3CA,Missense_Mutation
MO_067,PIK3CA,Missense_Mutation
MO_068,PIK3CA,Missense_Mutation
MO_068,BRAF,Missense_Mutation
MO_069,KRAS,Missense_Mutation
MO_069,PTEN,Missense_Mutation
MO_070,TP53,Missense_Mutation
MO_070,KRAS,Missense_Mutation
MO_071,KRAS,Missense_Mutation
MO_071,EGFR,Missense_Mutation
MO_071,PTEN,Missense_Mutation
MO_073,TP53,Missense_Mutation
MO_075,EGFR,Missense_Mutation
MO_076,PIK3CA,Missense_Mutation
MO_076,BRAF,Missense_Mutation
MO_077,EGFR,Missense_Mutation
MO_077,BRAF,Missense_Mutation
MO_079,PIK3CA,Missense_Mutation
